{
	"Width": 1080,
	"Height": 1920,

	  "AF_image1": {
		"VariableType": "Image",
		"Value": "bg1.jpg",
		"Metadata": { }
	  },
	
	  "AF_image2": {
		"VariableType": "Image",
		"Value": "bg2.jpg",
		"Metadata": { }
	  },
	
	  "AF_image3": {
		"VariableType": "Image",
		"Value": "bg4.jpg",
		"Metadata": { }
	  },

	  "AF_image4": {
		"VariableType": "Image",
		"Value": "bg4.jpg",
		"Metadata": { }
	  },
	
	  "AF_image5": {
		"VariableType": "Image",
		"Value": "bg5.jpg",
		"Metadata": { }
	  },

	  "AF_city1": {
		"VariableType": "Text",
		"Value": "NEW YORK",
		"Metadata": { }
	  },

	  "AF_Price1": {
		"VariableType": "Text",
		"Value": "399",
		"Metadata": { }
	  },

	  "AF_city2": {
		"VariableType": "Text",
		"Value": "TOKYO",
		"Metadata": { }
	  },

	  "AF_Price2": {
		"VariableType": "Text",
		"Value": "629",
		"Metadata": { }
	  },
	 
	  "AF_city3": {
		"VariableType": "Text",
		"Value": "MILAN",
		"Metadata": { }
	  },

	  "AF_Price3": {
		"VariableType": "Text",
		"Value": "99",
		"Metadata": { }
	  },

	  "AF_city4": {
		"VariableType": "Text",
		"Value": "NAIROBI",
		"Metadata": { }
	  },

	  "AF_Price4": {
		"VariableType": "Text",
		"Value": "559",
		"Metadata": { }
	  },


	  "AF_From_City": {
		"VariableType": "Text",
		"Value": "PARIS",
		"Metadata": { }
	  },

	  "AF_Date_Prom": {
		"VariableType": "Text",
		"Value": "JUSQU'AU 22 JANVIER",
		"Metadata": { }
	  },

	  "AF_cta_1": {
		  "VariableType": "Text",
		  "Value": "RESERVEZ",
		  "Metadata": {}
	  }

}
